n0,L,steps_to_1,max_N,max_M,theorem_ok,avg_H_N,avg_H_M,avg_H_diff,avg_ham_dist,final_M_at_N1
1,20,3,4,1048574,True,0.286397,0.286397,0.000000,20.000000,1048574
2,20,1,2,1048574,True,0.286397,0.286397,0.000000,20.000000,1048574
3,20,7,16,1048574,True,0.354871,0.354871,0.000000,20.000000,1048574
4,20,2,4,1048574,True,0.286397,0.286397,0.000000,20.000000,1048574
5,20,5,16,1048574,True,0.316830,0.316830,0.000000,20.000000,1048574
6,20,8,16,1048574,True,0.367552,0.367552,0.000000,20.000000,1048574
7,20,16,52,1048574,True,0.465000,0.465000,0.000000,20.000000,1048574
8,20,3,8,1048574,True,0.286397,0.286397,0.000000,20.000000,1048574
9,20,19,52,1048574,True,0.479684,0.479684,0.000000,20.000000,1048574
10,20,6,16,1048574,True,0.338568,0.338568,0.000000,20.000000,1048574
11,20,14,52,1048574,True,0.445688,0.445688,0.000000,20.000000,1048574
12,20,9,16,1048574,True,0.377696,0.377696,0.000000,20.000000,1048574
13,20,9,40,1048574,True,0.391781,0.391781,0.000000,20.000000,1048574
14,20,17,52,1048574,True,0.473047,0.473047,0.000000,20.000000,1048574
15,20,17,160,1048574,True,0.504182,0.504182,0.000000,20.000000,1048574
16,20,4,16,1048574,True,0.286397,0.286397,0.000000,20.000000,1048574
17,20,12,52,1048574,True,0.431268,0.431268,0.000000,20.000000,1048574
18,20,20,52,1048574,True,0.479175,0.479175,0.000000,20.000000,1048574
19,20,20,88,1048574,True,0.503264,0.503264,0.000000,20.000000,1048574
20,20,7,20,1048574,True,0.354871,0.354871,0.000000,20.000000,1048574
21,20,7,64,1048574,True,0.326827,0.326827,0.000000,20.000000,1048574
22,20,15,52,1048574,True,0.455947,0.455947,0.000000,20.000000,1048574
23,20,15,160,1048574,True,0.476964,0.476964,0.000000,20.000000,1048574
24,20,10,24,1048574,True,0.385996,0.385996,0.000000,20.000000,1048574
25,20,23,88,1048574,True,0.516586,0.516586,0.000000,20.000000,1048574
26,20,10,40,1048574,True,0.411604,0.411604,0.000000,20.000000,1048574
27,20,111,9232,1048574,True,0.757041,0.757041,0.000000,20.000000,1048574
28,20,18,52,1048574,True,0.480246,0.480246,0.000000,20.000000,1048574
29,20,18,88,1048574,True,0.486146,0.486146,0.000000,20.000000,1048574
30,20,18,160,1048574,True,0.515643,0.515643,0.000000,20.000000,1048574
31,20,106,9232,1048574,True,0.759107,0.759107,0.000000,20.000000,1048574
32,20,5,32,1048574,True,0.286397,0.286397,0.000000,20.000000,1048574
33,20,26,100,1048574,True,0.521731,0.521731,0.000000,20.000000,1048574
34,20,13,52,1048574,True,0.433963,0.433963,0.000000,20.000000,1048574
35,20,13,160,1048574,True,0.449975,0.449975,0.000000,20.000000,1048574
36,20,21,52,1048574,True,0.478712,0.478712,0.000000,20.000000,1048574
37,20,21,112,1048574,True,0.497918,0.497918,0.000000,20.000000,1048574
38,20,21,88,1048574,True,0.508108,0.508108,0.000000,20.000000,1048574
39,20,34,304,1048574,True,0.573418,0.573418,0.000000,20.000000,1048574
40,20,8,40,1048574,True,0.367552,0.367552,0.000000,20.000000,1048574
41,20,109,9232,1048574,True,0.758699,0.758699,0.000000,20.000000,1048574
42,20,8,64,1048574,True,0.358273,0.358273,0.000000,20.000000,1048574
43,20,29,196,1048574,True,0.522111,0.522111,0.000000,20.000000,1048574
44,20,16,52,1048574,True,0.465000,0.465000,0.000000,20.000000,1048574
45,20,16,136,1048574,True,0.455023,0.455023,0.000000,20.000000,1048574
46,20,16,160,1048574,True,0.491374,0.491374,0.000000,20.000000,1048574
47,20,104,9232,1048574,True,0.758113,0.758113,0.000000,20.000000,1048574
48,20,11,48,1048574,True,0.392913,0.392913,0.000000,20.000000,1048574
49,20,24,148,1048574,True,0.511349,0.511349,0.000000,20.000000,1048574
50,20,24,88,1048574,True,0.520316,0.520316,0.000000,20.000000,1048574
51,20,24,232,1048574,True,0.542733,0.542733,0.000000,20.000000,1048574
52,20,11,52,1048574,True,0.428124,0.428124,0.000000,20.000000,1048574
53,20,11,160,1048574,True,0.413991,0.413991,0.000000,20.000000,1048574
54,20,112,9232,1048574,True,0.756731,0.756731,0.000000,20.000000,1048574
55,20,112,9232,1048574,True,0.761535,0.761535,0.000000,20.000000,1048574
56,20,19,56,1048574,True,0.486726,0.486726,0.000000,20.000000,1048574
57,20,32,196,1048574,True,0.540276,0.540276,0.000000,20.000000,1048574
58,20,19,88,1048574,True,0.497935,0.497935,0.000000,20.000000,1048574
59,20,32,304,1048574,True,0.561709,0.561709,0.000000,20.000000,1048574
60,20,19,160,1048574,True,0.525957,0.525957,0.000000,20.000000,1048574
61,20,19,184,1048574,True,0.530424,0.530424,0.000000,20.000000,1048574
62,20,107,9232,1048574,True,0.759590,0.759590,0.000000,20.000000,1048574
63,20,107,9232,1048574,True,0.767858,0.767858,0.000000,20.000000,1048574
64,20,6,64,1048574,True,0.286397,0.286397,0.000000,20.000000,1048574
65,20,27,196,1048574,True,0.516871,0.516871,0.000000,20.000000,1048574
66,20,27,100,1048574,True,0.519847,0.519847,0.000000,20.000000,1048574
67,20,27,304,1048574,True,0.537914,0.537914,0.000000,20.000000,1048574
68,20,14,68,1048574,True,0.436298,0.436298,0.000000,20.000000,1048574
69,20,14,208,1048574,True,0.464467,0.464467,0.000000,20.000000,1048574
70,20,14,160,1048574,True,0.460633,0.460633,0.000000,20.000000,1048574
71,20,102,9232,1048574,True,0.757949,0.757949,0.000000,20.000000,1048574
72,20,22,72,1048574,True,0.478290,0.478290,0.000000,20.000000,1048574
73,20,115,9232,1048574,True,0.761085,0.761085,0.000000,20.000000,1048574
74,20,22,112,1048574,True,0.502784,0.502784,0.000000,20.000000,1048574
75,20,14,340,1048574,True,0.460609,0.460609,0.000000,20.000000,1048574
76,20,22,88,1048574,True,0.512531,0.512531,0.000000,20.000000,1048574
77,20,22,232,1048574,True,0.527151,0.527151,0.000000,20.000000,1048574
78,20,35,304,1048574,True,0.577543,0.577543,0.000000,20.000000,1048574
79,20,35,808,1048574,True,0.598219,0.598219,0.000000,20.000000,1048574
80,20,9,80,1048574,True,0.377696,0.377696,0.000000,20.000000,1048574
81,20,22,244,1048574,True,0.558299,0.558299,0.000000,20.000000,1048574
82,20,110,9232,1048574,True,0.757358,0.757358,0.000000,20.000000,1048574
83,20,110,9232,1048574,True,0.761444,0.761444,0.000000,20.000000,1048574
84,20,9,84,1048574,True,0.383430,0.383430,0.000000,20.000000,1048574
85,20,9,256,1048574,True,0.329950,0.329950,0.000000,20.000000,1048574
86,20,30,196,1048574,True,0.528556,0.528556,0.000000,20.000000,1048574
87,20,30,592,1048574,True,0.544141,0.544141,0.000000,20.000000,1048574
88,20,17,88,1048574,True,0.473047,0.473047,0.000000,20.000000,1048574
89,20,30,304,1048574,True,0.548490,0.548490,0.000000,20.000000,1048574
90,20,17,136,1048574,True,0.469851,0.469851,0.000000,20.000000,1048574
91,20,92,9232,1048574,True,0.757507,0.757507,0.000000,20.000000,1048574
92,20,17,160,1048574,True,0.504182,0.504182,0.000000,20.000000,1048574
93,20,17,280,1048574,True,0.496692,0.496692,0.000000,20.000000,1048574
94,20,105,9232,1048574,True,0.758615,0.758615,0.000000,20.000000,1048574
95,20,105,9232,1048574,True,0.765718,0.765718,0.000000,20.000000,1048574
96,20,12,96,1048574,True,0.398765,0.398765,0.000000,20.000000,1048574
97,20,118,9232,1048574,True,0.757272,0.757272,0.000000,20.000000,1048574
98,20,25,148,1048574,True,0.515137,0.515137,0.000000,20.000000,1048574
99,20,25,448,1048574,True,0.528070,0.528070,0.000000,20.000000,1048574
100,20,25,100,1048574,True,0.523759,0.523759,0.000000,20.000000,1048574
101,20,25,304,1048574,True,0.528070,0.528070,0.000000,20.000000,1048574
102,20,25,232,1048574,True,0.549626,0.549626,0.000000,20.000000,1048574
103,20,87,9232,1048574,True,0.759030,0.759030,0.000000,20.000000,1048574
104,20,12,104,1048574,True,0.442102,0.442102,0.000000,20.000000,1048574
105,20,38,808,1048574,True,0.612317,0.612317,0.000000,20.000000,1048574
106,20,12,160,1048574,True,0.437678,0.437678,0.000000,20.000000,1048574
107,20,100,9232,1048574,True,0.757777,0.757777,0.000000,20.000000,1048574
108,20,113,9232,1048574,True,0.756425,0.756425,0.000000,20.000000,1048574
109,20,113,9232,1048574,True,0.755243,0.755243,0.000000,20.000000,1048574
110,20,113,9232,1048574,True,0.761971,0.761971,0.000000,20.000000,1048574
111,20,69,9232,1048574,True,0.743438,0.743438,0.000000,20.000000,1048574
112,20,20,112,1048574,True,0.492589,0.492589,0.000000,20.000000,1048574
113,20,12,340,1048574,True,0.420407,0.420407,0.000000,20.000000,1048574
114,20,33,196,1048574,True,0.545619,0.545619,0.000000,20.000000,1048574
115,20,33,520,1048574,True,0.538624,0.538624,0.000000,20.000000,1048574
116,20,20,116,1048574,True,0.508601,0.508601,0.000000,20.000000,1048574
117,20,20,352,1048574,True,0.502181,0.502181,0.000000,20.000000,1048574
118,20,33,304,1048574,True,0.569050,0.569050,0.000000,20.000000,1048574
119,20,33,808,1048574,True,0.583627,0.583627,0.000000,20.000000,1048574
120,20,20,160,1048574,True,0.535289,0.535289,0.000000,20.000000,1048574
121,20,95,9232,1048574,True,0.759187,0.759187,0.000000,20.000000,1048574
122,20,20,184,1048574,True,0.543798,0.543798,0.000000,20.000000,1048574
123,20,46,628,1048574,True,0.628033,0.628033,0.000000,20.000000,1048574
124,20,108,9232,1048574,True,0.760064,0.760064,0.000000,20.000000,1048574
125,20,108,9232,1048574,True,0.760707,0.760707,0.000000,20.000000,1048574
126,20,108,9232,1048574,True,0.768899,0.768899,0.000000,20.000000,1048574
127,20,46,4372,1048574,True,0.685077,0.685077,0.000000,20.000000,1048574
128,20,7,128,1048574,True,0.286397,0.286397,0.000000,20.000000,1048574
129,20,121,9232,1048574,True,0.752492,0.752492,0.000000,20.000000,1048574
130,20,28,196,1048574,True,0.515220,0.515220,0.000000,20.000000,1048574
131,20,28,592,1048574,True,0.532664,0.532664,0.000000,20.000000,1048574
132,20,28,132,1048574,True,0.518094,0.518094,0.000000,20.000000,1048574
133,20,28,400,1048574,True,0.532664,0.532664,0.000000,20.000000,1048574
134,20,28,304,1048574,True,0.540394,0.540394,0.000000,20.000000,1048574
135,20,41,916,1048574,True,0.589838,0.589838,0.000000,20.000000,1048574
136,20,15,136,1048574,True,0.438342,0.438342,0.000000,20.000000,1048574
137,20,90,9232,1048574,True,0.758539,0.758539,0.000000,20.000000,1048574
138,20,15,208,1048574,True,0.473553,0.473553,0.000000,20.000000,1048574
139,20,41,628,1048574,True,0.608806,0.608806,0.000000,20.000000,1048574
140,20,15,160,1048574,True,0.469958,0.469958,0.000000,20.000000,1048574
141,20,15,424,1048574,True,0.490975,0.490975,0.000000,20.000000,1048574
142,20,103,9232,1048574,True,0.757602,0.757602,0.000000,20.000000,1048574
143,20,103,9232,1048574,True,0.764169,0.764169,0.000000,20.000000,1048574
144,20,23,144,1048574,True,0.477902,0.477902,0.000000,20.000000,1048574
145,20,116,9232,1048574,True,0.754958,0.754958,0.000000,20.000000,1048574
146,20,116,9232,1048574,True,0.759792,0.759792,0.000000,20.000000,1048574
147,20,116,9232,1048574,True,0.762141,0.762141,0.000000,20.000000,1048574
148,20,23,148,1048574,True,0.507245,0.507245,0.000000,20.000000,1048574
149,20,23,448,1048574,True,0.511915,0.511915,0.000000,20.000000,1048574
150,20,15,340,1048574,True,0.476942,0.476942,0.000000,20.000000,1048574
151,20,15,1024,1048574,True,0.450422,0.450422,0.000000,20.000000,1048574
152,20,23,152,1048574,True,0.516586,0.516586,0.000000,20.000000,1048574
153,20,36,520,1048574,True,0.558316,0.558316,0.000000,20.000000,1048574
154,20,23,232,1048574,True,0.535267,0.535267,0.000000,20.000000,1048574
155,20,85,9232,1048574,True,0.757815,0.757815,0.000000,20.000000,1048574
156,20,36,304,1048574,True,0.581445,0.581445,0.000000,20.000000,1048574
157,20,36,472,1048574,True,0.588690,0.588690,0.000000,20.000000,1048574
158,20,36,808,1048574,True,0.603977,0.603977,0.000000,20.000000,1048574
159,20,54,9232,1048574,True,0.699301,0.699301,0.000000,20.000000,1048574
160,20,10,160,1048574,True,0.385996,0.385996,0.000000,20.000000,1048574
161,20,98,9232,1048574,True,0.758731,0.758731,0.000000,20.000000,1048574
162,20,23,244,1048574,True,0.560447,0.560447,0.000000,20.000000,1048574
163,20,23,736,1048574,True,0.571899,0.571899,0.000000,20.000000,1048574
164,20,111,9232,1048574,True,0.756041,0.756041,0.000000,20.000000,1048574
165,20,111,9232,1048574,True,0.760638,0.760638,0.000000,20.000000,1048574
166,20,111,9232,1048574,True,0.761091,0.761091,0.000000,20.000000,1048574
167,20,67,9232,1048574,True,0.740413,0.740413,0.000000,20.000000,1048574
168,20,10,168,1048574,True,0.404013,0.404013,0.000000,20.000000,1048574
169,20,49,4372,1048574,True,0.695774,0.695774,0.000000,20.000000,1048574
170,20,10,256,1048574,True,0.365584,0.365584,0.000000,20.000000,1048574
171,20,124,9232,1048574,True,0.745028,0.745028,0.000000,20.000000,1048574
172,20,31,196,1048574,True,0.534599,0.534599,0.000000,20.000000,1048574
173,20,31,520,1048574,True,0.521583,0.521583,0.000000,20.000000,1048574
174,20,31,592,1048574,True,0.552489,0.552489,0.000000,20.000000,1048574
175,20,80,9232,1048574,True,0.752786,0.752786,0.000000,20.000000,1048574
176,20,18,176,1048574,True,0.480246,0.480246,0.000000,20.000000,1048574
177,20,31,532,1048574,True,0.543402,0.543402,0.000000,20.000000,1048574
178,20,31,304,1048574,True,0.553910,0.553910,0.000000,20.000000,1048574
179,20,31,808,1048574,True,0.567211,0.567211,0.000000,20.000000,1048574
180,20,18,180,1048574,True,0.483119,0.483119,0.000000,20.000000,1048574
181,20,18,544,1048574,True,0.461197,0.461197,0.000000,20.000000,1048574
182,20,93,9232,1048574,True,0.758079,0.758079,0.000000,20.000000,1048574
183,20,93,9232,1048574,True,0.762698,0.762698,0.000000,20.000000,1048574
184,20,18,184,1048574,True,0.515643,0.515643,0.000000,20.000000,1048574
185,20,44,628,1048574,True,0.618333,0.618333,0.000000,20.000000,1048574
186,20,18,280,1048574,True,0.513249,0.513249,0.000000,20.000000,1048574
187,20,44,952,1048574,True,0.644639,0.644639,0.000000,20.000000,1048574
188,20,106,9232,1048574,True,0.759107,0.759107,0.000000,20.000000,1048574
189,20,106,9232,1048574,True,0.758091,0.758091,0.000000,20.000000,1048574
190,20,106,9232,1048574,True,0.766798,0.766798,0.000000,20.000000,1048574
191,20,44,4372,1048574,True,0.674011,0.674011,0.000000,20.000000,1048574
192,20,13,192,1048574,True,0.403782,0.403782,0.000000,20.000000,1048574
193,20,119,9232,1048574,True,0.751330,0.751330,0.000000,20.000000,1048574
194,20,119,9232,1048574,True,0.756043,0.756043,0.000000,20.000000,1048574
195,20,119,9232,1048574,True,0.762203,0.762203,0.000000,20.000000,1048574
196,20,26,196,1048574,True,0.518645,0.518645,0.000000,20.000000,1048574
197,20,26,592,1048574,True,0.522796,0.522796,0.000000,20.000000,1048574
198,20,26,448,1048574,True,0.535250,0.535250,0.000000,20.000000,1048574
199,20,119,9232,1048574,True,0.772131,0.772131,0.000000,20.000000,1048574
200,20,26,200,1048574,True,0.526947,0.526947,0.000000,20.000000,1048574
201,20,18,1024,1048574,True,0.502697,0.502697,0.000000,20.000000,1048574
202,20,26,304,1048574,True,0.535250,0.535250,0.000000,20.000000,1048574
203,20,39,916,1048574,True,0.581000,0.581000,0.000000,20.000000,1048574
204,20,26,232,1048574,True,0.556007,0.556007,0.000000,20.000000,1048574
205,20,26,616,1048574,True,0.559316,0.559316,0.000000,20.000000,1048574
206,20,88,9232,1048574,True,0.759617,0.759617,0.000000,20.000000,1048574
207,20,88,9232,1048574,True,0.761942,0.761942,0.000000,20.000000,1048574
208,20,13,208,1048574,True,0.454083,0.454083,0.000000,20.000000,1048574
209,20,39,628,1048574,True,0.603150,0.603150,0.000000,20.000000,1048574
210,20,39,808,1048574,True,0.615057,0.615057,0.000000,20.000000,1048574
211,20,39,952,1048574,True,0.626526,0.626526,0.000000,20.000000,1048574
212,20,13,212,1048574,True,0.457982,0.457982,0.000000,20.000000,1048574
213,20,13,640,1048574,True,0.428231,0.428231,0.000000,20.000000,1048574
214,20,101,9232,1048574,True,0.758302,0.758302,0.000000,20.000000,1048574
215,20,101,9232,1048574,True,0.762559,0.762559,0.000000,20.000000,1048574
216,20,114,9232,1048574,True,0.756125,0.756125,0.000000,20.000000,1048574
217,20,26,736,1048574,True,0.591878,0.591878,0.000000,20.000000,1048574
218,20,114,9232,1048574,True,0.755730,0.755730,0.000000,20.000000,1048574
219,20,52,1672,1048574,True,0.656685,0.656685,0.000000,20.000000,1048574
220,20,114,9232,1048574,True,0.762400,0.762400,0.000000,20.000000,1048574
221,20,114,9232,1048574,True,0.761455,0.761455,0.000000,20.000000,1048574
222,20,70,9232,1048574,True,0.745379,0.745379,0.000000,20.000000,1048574
223,20,70,9232,1048574,True,0.751606,0.751606,0.000000,20.000000,1048574
224,20,21,224,1048574,True,0.497918,0.497918,0.000000,20.000000,1048574
225,20,52,4372,1048574,True,0.697254,0.697254,0.000000,20.000000,1048574
226,20,13,340,1048574,True,0.441944,0.441944,0.000000,20.000000,1048574
227,20,13,1024,1048574,True,0.398871,0.398871,0.000000,20.000000,1048574
228,20,34,228,1048574,True,0.550656,0.550656,0.000000,20.000000,1048574
229,20,34,688,1048574,True,0.553209,0.553209,0.000000,20.000000,1048574
230,20,34,520,1048574,True,0.546414,0.546414,0.000000,20.000000,1048574
231,20,127,9232,1048574,True,0.767254,0.767254,0.000000,20.000000,1048574
232,20,21,232,1048574,True,0.518298,0.518298,0.000000,20.000000,1048574
233,20,83,9232,1048574,True,0.756542,0.756542,0.000000,20.000000,1048574
234,20,21,352,1048574,True,0.516231,0.516231,0.000000,20.000000,1048574
235,20,127,9232,1048574,True,0.769007,0.769007,0.000000,20.000000,1048574
236,20,34,304,1048574,True,0.575970,0.575970,0.000000,20.000000,1048574
237,20,34,712,1048574,True,0.572865,0.572865,0.000000,20.000000,1048574
238,20,34,808,1048574,True,0.592132,0.592132,0.000000,20.000000,1048574
239,20,52,9232,1048574,True,0.691438,0.691438,0.000000,20.000000,1048574
240,20,21,240,1048574,True,0.543772,0.543772,0.000000,20.000000,1048574
241,20,21,724,1048574,True,0.508935,0.508935,0.000000,20.000000,1048574
242,20,96,9232,1048574,True,0.759724,0.759724,0.000000,20.000000,1048574
243,20,96,9232,1048574,True,0.757736,0.757736,0.000000,20.000000,1048574
244,20,21,244,1048574,True,0.555956,0.555956,0.000000,20.000000,1048574
245,20,21,736,1048574,True,0.551016,0.551016,0.000000,20.000000,1048574
246,20,47,628,1048574,True,0.633310,0.633310,0.000000,20.000000,1048574
247,20,47,1672,1048574,True,0.637729,0.637729,0.000000,20.000000,1048574
248,20,109,9232,1048574,True,0.760530,0.760530,0.000000,20.000000,1048574
249,20,47,952,1048574,True,0.659430,0.659430,0.000000,20.000000,1048574
250,20,109,9232,1048574,True,0.761803,0.761803,0.000000,20.000000,1048574
251,20,65,9232,1048574,True,0.736405,0.736405,0.000000,20.000000,1048574
252,20,109,9232,1048574,True,0.769921,0.769921,0.000000,20.000000,1048574
253,20,109,9232,1048574,True,0.770401,0.770401,0.000000,20.000000,1048574
254,20,47,4372,1048574,True,0.690265,0.690265,0.000000,20.000000,1048574
255,20,47,13120,1048574,True,0.705985,0.705985,0.000000,20.000000,1048574
256,20,8,256,1048574,True,0.286397,0.286397,0.000000,20.000000,1048574
257,20,122,9232,1048574,True,0.746734,0.746734,0.000000,20.000000,1048574
258,20,122,9232,1048574,True,0.750187,0.750187,0.000000,20.000000,1048574
259,20,122,9232,1048574,True,0.754300,0.754300,0.000000,20.000000,1048574
260,20,29,260,1048574,True,0.513680,0.513680,0.000000,20.000000,1048574
261,20,29,784,1048574,True,0.527764,0.527764,0.000000,20.000000,1048574
262,20,29,592,1048574,True,0.535237,0.535237,0.000000,20.000000,1048574
263,20,78,9232,1048574,True,0.751550,0.751550,0.000000,20.000000,1048574
264,20,29,264,1048574,True,0.516457,0.516457,0.000000,20.000000,1048574
265,20,122,9232,1048574,True,0.771448,0.771448,0.000000,20.000000,1048574
266,20,29,400,1048574,True,0.535237,0.535237,0.000000,20.000000,1048574
267,20,21,1204,1048574,True,0.555940,0.555940,0.000000,20.000000,1048574
268,20,29,304,1048574,True,0.542709,0.542709,0.000000,20.000000,1048574
269,20,29,808,1048574,True,0.553918,0.553918,0.000000,20.000000,1048574
270,20,42,916,1048574,True,0.592910,0.592910,0.000000,20.000000,1048574
271,20,42,2752,1048574,True,0.603579,0.603579,0.000000,20.000000,1048574
272,20,16,272,1048574,True,0.440145,0.440145,0.000000,20.000000,1048574
273,20,29,820,1048574,True,0.577798,0.577798,0.000000,20.000000,1048574
274,20,91,9232,1048574,True,0.756922,0.756922,0.000000,20.000000,1048574
275,20,91,9232,1048574,True,0.761852,0.761852,0.000000,20.000000,1048574
276,20,16,276,1048574,True,0.481570,0.481570,0.000000,20.000000,1048574
277,20,16,832,1048574,True,0.488163,0.488163,0.000000,20.000000,1048574
278,20,42,628,1048574,True,0.611437,0.611437,0.000000,20.000000,1048574
279,20,42,1888,1048574,True,0.623005,0.623005,0.000000,20.000000,1048574
280,20,16,280,1048574,True,0.478187,0.478187,0.000000,20.000000,1048574
281,20,42,952,1048574,True,0.637338,0.637338,0.000000,20.000000,1048574
282,20,16,424,1048574,True,0.504560,0.504560,0.000000,20.000000,1048574
283,20,60,9232,1048574,True,0.725959,0.725959,0.000000,20.000000,1048574
284,20,104,9232,1048574,True,0.757262,0.757262,0.000000,20.000000,1048574
285,20,104,9232,1048574,True,0.759815,0.759815,0.000000,20.000000,1048574
286,20,104,9232,1048574,True,0.764617,0.764617,0.000000,20.000000,1048574
287,20,42,4372,1048574,True,0.663143,0.663143,0.000000,20.000000,1048574
288,20,24,288,1048574,True,0.477546,0.477546,0.000000,20.000000,1048574
289,20,29,868,1048574,True,0.607103,0.607103,0.000000,20.000000,1048574
290,20,117,9232,1048574,True,0.753728,0.753728,0.000000,20.000000,1048574
291,20,117,9232,1048574,True,0.754157,0.754157,0.000000,20.000000,1048574
292,20,117,9232,1048574,True,0.758521,0.758521,0.000000,20.000000,1048574
293,20,117,9232,1048574,True,0.762886,0.762886,0.000000,20.000000,1048574
294,20,117,9232,1048574,True,0.761801,0.761801,0.000000,20.000000,1048574
295,20,55,2248,1048574,True,0.688279,0.688279,0.000000,20.000000,1048574
296,20,24,296,1048574,True,0.511349,0.511349,0.000000,20.000000,1048574
297,20,73,9232,1048574,True,0.756137,0.756137,0.000000,20.000000,1048574
298,20,24,448,1048574,True,0.520316,0.520316,0.000000,20.000000,1048574
299,20,117,9232,1048574,True,0.771467,0.771467,0.000000,20.000000,1048574
300,20,16,340,1048574,True,0.491353,0.491353,0.000000,20.000000,1048574
301,20,16,904,1048574,True,0.496609,0.496609,0.000000,20.000000,1048574
302,20,16,1024,1048574,True,0.471649,0.471649,0.000000,20.000000,1048574
303,20,42,3076,1048574,True,0.638528,0.638528,0.000000,20.000000,1048574
304,20,24,304,1048574,True,0.520316,0.520316,0.000000,20.000000,1048574
305,20,37,916,1048574,True,0.571232,0.571232,0.000000,20.000000,1048574
306,20,37,520,1048574,True,0.562622,0.562622,0.000000,20.000000,1048574
307,20,37,1384,1048574,True,0.571009,0.571009,0.000000,20.000000,1048574
308,20,24,308,1048574,True,0.542733,0.542733,0.000000,20.000000,1048574
309,20,24,928,1048574,True,0.546307,0.546307,0.000000,20.000000,1048574
310,20,86,9232,1048574,True,0.758429,0.758429,0.000000,20.000000,1048574
311,20,86,9232,1048574,True,0.759198,0.759198,0.000000,20.000000,1048574
312,20,37,312,1048574,True,0.585142,0.585142,0.000000,20.000000,1048574
313,20,130,9232,1048574,True,0.771044,0.771044,0.000000,20.000000,1048574
314,20,37,472,1048574,True,0.594547,0.594547,0.000000,20.000000,1048574
315,20,37,1600,1048574,True,0.594175,0.594175,0.000000,20.000000,1048574
316,20,37,808,1048574,True,0.609433,0.609433,0.000000,20.000000,1048574
317,20,37,952,1048574,True,0.614960,0.614960,0.000000,20.000000,1048574
318,20,55,9232,1048574,True,0.702551,0.702551,0.000000,20.000000,1048574
319,20,55,9232,1048574,True,0.713956,0.713956,0.000000,20.000000,1048574
320,20,11,320,1048574,True,0.392913,0.392913,0.000000,20.000000,1048574
321,20,24,964,1048574,True,0.537159,0.537159,0.000000,20.000000,1048574
322,20,99,9232,1048574,True,0.757242,0.757242,0.000000,20.000000,1048574
323,20,99,9232,1048574,True,0.761778,0.761778,0.000000,20.000000,1048574
324,20,24,324,1048574,True,0.562423,0.562423,0.000000,20.000000,1048574
325,20,24,976,1048574,True,0.583021,0.583021,0.000000,20.000000,1048574
326,20,24,736,1048574,True,0.577900,0.577900,0.000000,20.000000,1048574
327,20,143,9232,1048574,True,0.787694,0.787694,0.000000,20.000000,1048574
328,20,112,9232,1048574,True,0.754747,0.754747,0.000000,20.000000,1048574
329,20,50,1672,1048574,True,0.651001,0.651001,0.000000,20.000000,1048574
330,20,112,9232,1048574,True,0.760296,0.760296,0.000000,20.000000,1048574
331,20,24,1492,1048574,True,0.582664,0.582664,0.000000,20.000000,1048574
332,20,112,9232,1048574,True,0.760744,0.760744,0.000000,20.000000,1048574
333,20,112,9232,1048574,True,0.764356,0.764356,0.000000,20.000000,1048574
334,20,68,9232,1048574,True,0.741440,0.741440,0.000000,20.000000,1048574
335,20,68,9232,1048574,True,0.747082,0.747082,0.000000,20.000000,1048574
336,20,11,336,1048574,True,0.421165,0.421165,0.000000,20.000000,1048574
337,20,112,9232,1048574,True,0.772868,0.772868,0.000000,20.000000,1048574
338,20,50,4372,1048574,True,0.696287,0.696287,0.000000,20.000000,1048574
339,20,50,4372,1048574,True,0.703645,0.703645,0.000000,20.000000,1048574
340,20,11,340,1048574,True,0.395280,0.395280,0.000000,20.000000,1048574
341,20,11,1024,1048574,True,0.330137,0.330137,0.000000,20.000000,1048574
342,20,125,9232,1048574,True,0.745554,0.745554,0.000000,20.000000,1048574
343,20,125,9232,1048574,True,0.748526,0.748526,0.000000,20.000000,1048574
344,20,32,344,1048574,True,0.540276,0.540276,0.000000,20.000000,1048574
345,20,125,9232,1048574,True,0.752459,0.752459,0.000000,20.000000,1048574
346,20,32,520,1048574,True,0.530362,0.530362,0.000000,20.000000,1048574
347,20,125,9232,1048574,True,0.765444,0.765444,0.000000,20.000000,1048574
348,20,32,592,1048574,True,0.560331,0.560331,0.000000,20.000000,1048574
349,20,32,1048,1048574,True,0.550245,0.550245,0.000000,20.000000,1048574
350,20,81,9232,1048574,True,0.754353,0.754353,0.000000,20.000000,1048574
351,20,81,9232,1048574,True,0.759611,0.759611,0.000000,20.000000,1048574
352,20,19,352,1048574,True,0.486726,0.486726,0.000000,20.000000,1048574
353,20,125,9232,1048574,True,0.768490,0.768490,0.000000,20.000000,1048574
354,20,32,532,1048574,True,0.548812,0.548812,0.000000,20.000000,1048574
355,20,32,1600,1048574,True,0.554916,0.554916,0.000000,20.000000,1048574
356,20,32,356,1048574,True,0.559002,0.559002,0.000000,20.000000,1048574
357,20,32,1072,1048574,True,0.554916,0.554916,0.000000,20.000000,1048574
358,20,32,808,1048574,True,0.574607,0.574607,0.000000,20.000000,1048574
359,20,50,9232,1048574,True,0.682958,0.682958,0.000000,20.000000,1048574
360,20,19,360,1048574,True,0.495059,0.495059,0.000000,20.000000,1048574
361,20,45,2752,1048574,True,0.617124,0.617124,0.000000,20.000000,1048574
362,20,19,544,1048574,True,0.478701,0.478701,0.000000,20.000000,1048574
363,20,45,1636,1048574,True,0.605559,0.605559,0.000000,20.000000,1048574
364,20,94,9232,1048574,True,0.758639,0.758639,0.000000,20.000000,1048574
365,20,94,9232,1048574,True,0.755135,0.755135,0.000000,20.000000,1048574
366,20,94,9232,1048574,True,0.763947,0.763947,0.000000,20.000000,1048574
367,20,45,4192,1048574,True,0.634692,0.634692,0.000000,20.000000,1048574
368,20,19,368,1048574,True,0.525957,0.525957,0.000000,20.000000,1048574
369,20,19,1108,1048574,True,0.527696,0.527696,0.000000,20.000000,1048574
370,20,45,628,1048574,True,0.622528,0.622528,0.000000,20.000000,1048574
371,20,45,1672,1048574,True,0.625992,0.625992,0.000000,20.000000,1048574
372,20,19,372,1048574,True,0.528151,0.528151,0.000000,20.000000,1048574
373,20,19,1120,1048574,True,0.511507,0.511507,0.000000,20.000000,1048574
374,20,45,952,1048574,True,0.649783,0.649783,0.000000,20.000000,1048574
375,20,45,2536,1048574,True,0.659382,0.659382,0.000000,20.000000,1048574
376,20,107,9232,1048574,True,0.759590,0.759590,0.000000,20.000000,1048574
377,20,63,9232,1048574,True,0.731052,0.731052,0.000000,20.000000,1048574
378,20,107,9232,1048574,True,0.759232,0.759232,0.000000,20.000000,1048574
379,20,58,2752,1048574,True,0.658717,0.658717,0.000000,20.000000,1048574
380,20,107,9232,1048574,True,0.767858,0.767858,0.000000,20.000000,1048574
381,20,107,9232,1048574,True,0.767051,0.767051,0.000000,20.000000,1048574
382,20,45,4372,1048574,True,0.679665,0.679665,0.000000,20.000000,1048574
383,20,45,13120,1048574,True,0.694465,0.694465,0.000000,20.000000,1048574
384,20,14,384,1048574,True,0.408129,0.408129,0.000000,20.000000,1048574
385,20,32,1156,1048574,True,0.607352,0.607352,0.000000,20.000000,1048574
386,20,120,9232,1048574,True,0.750160,0.750160,0.000000,20.000000,1048574
387,20,120,9232,1048574,True,0.756269,0.756269,0.000000,20.000000,1048574
388,20,120,9232,1048574,True,0.754835,0.754835,0.000000,20.000000,1048574
389,20,120,9232,1048574,True,0.755761,0.755761,0.000000,20.000000,1048574
390,20,120,9232,1048574,True,0.761870,0.761870,0.000000,20.000000,1048574
391,20,120,9232,1048574,True,0.766301,0.766301,0.000000,20.000000,1048574
392,20,27,392,1048574,True,0.521902,0.521902,0.000000,20.000000,1048574
393,20,58,2248,1048574,True,0.693019,0.693019,0.000000,20.000000,1048574
394,20,27,592,1048574,True,0.529908,0.529908,0.000000,20.000000,1048574
395,20,76,9232,1048574,True,0.751159,0.751159,0.000000,20.000000,1048574
396,20,27,448,1048574,True,0.541917,0.541917,0.000000,20.000000,1048574
397,20,27,1192,1048574,True,0.545108,0.545108,0.000000,20.000000,1048574
398,20,120,9232,1048574,True,0.772454,0.772454,0.000000,20.000000,1048574
399,20,120,9232,1048574,True,0.779912,0.779912,0.000000,20.000000,1048574
400,20,27,400,1048574,True,0.529908,0.529908,0.000000,20.000000,1048574
401,20,19,1204,1048574,True,0.539342,0.539342,0.000000,20.000000,1048574
402,20,19,1024,1048574,True,0.513658,0.513658,0.000000,20.000000,1048574
403,20,19,1816,1048574,True,0.529595,0.529595,0.000000,20.000000,1048574
404,20,27,404,1048574,True,0.541917,0.541917,0.000000,20.000000,1048574
405,20,27,1216,1048574,True,0.537102,0.537102,0.000000,20.000000,1048574
406,20,40,916,1048574,True,0.586617,0.586617,0.000000,20.000000,1048574
407,20,40,2752,1048574,True,0.591740,0.591740,0.000000,20.000000,1048574
408,20,27,408,1048574,True,0.561933,0.561933,0.000000,20.000000,1048574
409,20,40,1384,1048574,True,0.588590,0.588590,0.000000,20.000000,1048574
410,20,27,616,1048574,True,0.568315,0.568315,0.000000,20.000000,1048574
411,20,133,9232,1048574,True,0.775480,0.775480,0.000000,20.000000,1048574
412,20,89,9232,1048574,True,0.760191,0.760191,0.000000,20.000000,1048574
413,20,89,9232,1048574,True,0.760969,0.760969,0.000000,20.000000,1048574
414,20,89,9232,1048574,True,0.763268,0.763268,0.000000,20.000000,1048574
415,20,133,9232,1048574,True,0.784269,0.784269,0.000000,20.000000,1048574
416,20,14,416,1048574,True,0.464467,0.464467,0.000000,20.000000,1048574
417,20,133,9232,1048574,True,0.771278,0.771278,0.000000,20.000000,1048574
418,20,40,628,1048574,True,0.606047,0.606047,0.000000,20.000000,1048574
419,20,40,1888,1048574,True,0.613821,0.613821,0.000000,20.000000,1048574
420,20,40,808,1048574,True,0.617664,0.617664,0.000000,20.000000,1048574
421,20,40,1264,1048574,True,0.624202,0.624202,0.000000,20.000000,1048574
422,20,40,952,1048574,True,0.631032,0.631032,0.000000,20.000000,1048574
423,20,32,3220,1048574,True,0.654273,0.654273,0.000000,20.000000,1048574
424,20,14,424,1048574,True,0.475578,0.475578,0.000000,20.000000,1048574
425,20,58,9232,1048574,True,0.723067,0.723067,0.000000,20.000000,1048574
426,20,14,640,1048574,True,0.453767,0.453767,0.000000,20.000000,1048574
427,20,53,2752,1048574,True,0.639724,0.639724,0.000000,20.000000,1048574
428,20,102,9232,1048574,True,0.758816,0.758816,0.000000,20.000000,1048574
429,20,102,9232,1048574,True,0.755584,0.755584,0.000000,20.000000,1048574
430,20,102,9232,1048574,True,0.763711,0.763711,0.000000,20.000000,1048574
431,20,40,4372,1048574,True,0.651214,0.651214,0.000000,20.000000,1048574
432,20,115,9232,1048574,True,0.755830,0.755830,0.000000,20.000000,1048574
433,20,27,1300,1048574,True,0.601095,0.601095,0.000000,20.000000,1048574
434,20,27,736,1048574,True,0.599714,0.599714,0.000000,20.000000,1048574
435,20,27,1960,1048574,True,0.616788,0.616788,0.000000,20.000000,1048574
436,20,115,9232,1048574,True,0.756209,0.756209,0.000000,20.000000,1048574
437,20,115,9232,1048574,True,0.753339,0.753339,0.000000,20.000000,1048574
438,20,53,1672,1048574,True,0.660844,0.660844,0.000000,20.000000,1048574
439,20,53,2968,1048574,True,0.665519,0.665519,0.000000,20.000000,1048574
440,20,115,9232,1048574,True,0.762821,0.762821,0.000000,20.000000,1048574
441,20,27,1492,1048574,True,0.609658,0.609658,0.000000,20.000000,1048574
442,20,115,9232,1048574,True,0.762488,0.762488,0.000000,20.000000,1048574
443,20,53,2248,1048574,True,0.681450,0.681450,0.000000,20.000000,1048574
444,20,71,9232,1048574,True,0.747267,0.747267,0.000000,20.000000,1048574
445,20,71,9232,1048574,True,0.746055,0.746055,0.000000,20.000000,1048574
446,20,71,9232,1048574,True,0.754141,0.754141,0.000000,20.000000,1048574
447,20,97,39364,1048574,True,0.799311,0.799311,0.000000,20.000000,1048574
448,20,22,448,1048574,True,0.502784,0.502784,0.000000,20.000000,1048574
449,20,115,9232,1048574,True,0.771551,0.771551,0.000000,20.000000,1048574
450,20,53,4372,1048574,True,0.697711,0.697711,0.000000,20.000000,1048574
451,20,53,4372,1048574,True,0.710532,0.710532,0.000000,20.000000,1048574
452,20,14,452,1048574,True,0.460609,0.460609,0.000000,20.000000,1048574
453,20,14,1360,1048574,True,0.466566,0.466566,0.000000,20.000000,1048574
454,20,14,1024,1048574,True,0.426365,0.426365,0.000000,20.000000,1048574
455,20,40,3076,1048574,True,0.626686,0.626686,0.000000,20.000000,1048574
456,20,35,456,1048574,True,0.555414,0.555414,0.000000,20.000000,1048574
457,20,128,9232,1048574,True,0.751071,0.751071,0.000000,20.000000,1048574
458,20,35,688,1048574,True,0.560378,0.560378,0.000000,20.000000,1048574
459,20,128,9232,1048574,True,0.751071,0.751071,0.000000,20.000000,1048574
460,20,35,520,1048574,True,0.553772,0.553772,0.000000,20.000000,1048574
461,20,35,1384,1048574,True,0.555716,0.555716,0.000000,20.000000,1048574
462,20,128,9232,1048574,True,0.768138,0.768138,0.000000,20.000000,1048574
463,20,128,9232,1048574,True,0.771646,0.771646,0.000000,20.000000,1048574
464,20,22,464,1048574,True,0.527151,0.527151,0.000000,20.000000,1048574
465,20,35,1396,1048574,True,0.575887,0.575887,0.000000,20.000000,1048574
466,20,84,9232,1048574,True,0.757186,0.757186,0.000000,20.000000,1048574
467,20,84,9232,1048574,True,0.756325,0.756325,0.000000,20.000000,1048574
468,20,22,468,1048574,True,0.529059,0.529059,0.000000,20.000000,1048574
469,20,22,1408,1048574,True,0.514587,0.514587,0.000000,20.000000,1048574
470,20,128,9232,1048574,True,0.769877,0.769877,0.000000,20.000000,1048574
471,20,128,9232,1048574,True,0.774428,0.774428,0.000000,20.000000,1048574
472,20,35,472,1048574,True,0.582507,0.582507,0.000000,20.000000,1048574
473,20,35,1600,1048574,True,0.578224,0.578224,0.000000,20.000000,1048574
474,20,35,712,1048574,True,0.581432,0.581432,0.000000,20.000000,1048574
475,20,27,3616,1048574,True,0.623233,0.623233,0.000000,20.000000,1048574
476,20,35,808,1048574,True,0.600164,0.600164,0.000000,20.000000,1048574
477,20,35,1432,1048574,True,0.597740,0.597740,0.000000,20.000000,1048574
478,20,53,9232,1048574,True,0.695931,0.695931,0.000000,20.000000,1048574
479,20,53,9232,1048574,True,0.705121,0.705121,0.000000,20.000000,1048574
480,20,22,480,1048574,True,0.551518,0.551518,0.000000,20.000000,1048574
481,20,48,2752,1048574,True,0.629011,0.629011,0.000000,20.000000,1048574
482,20,22,724,1048574,True,0.522081,0.522081,0.000000,20.000000,1048574
483,20,22,2176,1048574,True,0.501449,0.501449,0.000000,20.000000,1048574
484,20,97,9232,1048574,True,0.760250,0.760250,0.000000,20.000000,1048574
485,20,97,9232,1048574,True,0.760965,0.760965,0.000000,20.000000,1048574
486,20,97,9232,1048574,True,0.758997,0.758997,0.000000,20.000000,1048574
487,20,141,9232,1048574,True,0.783304,0.783304,0.000000,20.000000,1048574
488,20,22,488,1048574,True,0.567057,0.567057,0.000000,20.000000,1048574
489,20,48,4192,1048574,True,0.651944,0.651944,0.000000,20.000000,1048574
490,20,22,736,1048574,True,0.565376,0.565376,0.000000,20.000000,1048574
491,20,141,9232,1048574,True,0.786497,0.786497,0.000000,20.000000,1048574
492,20,48,628,1048574,True,0.638370,0.638370,0.000000,20.000000,1048574
493,20,48,1480,1048574,True,0.636590,0.636590,0.000000,20.000000,1048574
494,20,48,1672,1048574,True,0.643777,0.643777,0.000000,20.000000,1048574
495,20,97,14308,1048574,True,0.794186,0.794186,0.000000,20.000000,1048574
496,20,110,9232,1048574,True,0.760987,0.760987,0.000000,20.000000,1048574
497,20,22,1492,1048574,True,0.559740,0.559740,0.000000,20.000000,1048574
498,20,48,952,1048574,True,0.663957,0.663957,0.000000,20.000000,1048574
499,20,48,2248,1048574,True,0.660684,0.660684,0.000000,20.000000,1048574
500,20,110,9232,1048574,True,0.762879,0.762879,0.000000,20.000000,1048574
501,20,110,9232,1048574,True,0.762093,0.762093,0.000000,20.000000,1048574
502,20,66,9232,1048574,True,0.739355,0.739355,0.000000,20.000000,1048574
503,20,66,9232,1048574,True,0.741738,0.741738,0.000000,20.000000,1048574
504,20,110,9232,1048574,True,0.770924,0.770924,0.000000,20.000000,1048574
505,20,61,2752,1048574,True,0.672040,0.672040,0.000000,20.000000,1048574
506,20,110,9232,1048574,True,0.771875,0.771875,0.000000,20.000000,1048574
507,20,35,2896,1048574,True,0.643938,0.643938,0.000000,20.000000,1048574
508,20,48,4372,1048574,True,0.695240,0.695240,0.000000,20.000000,1048574
509,20,48,4372,1048574,True,0.695993,0.695993,0.000000,20.000000,1048574
510,20,48,13120,1048574,True,0.711392,0.711392,0.000000,20.000000,1048574
511,20,61,39364,1048574,True,0.714697,0.714697,0.000000,20.000000,1048574
512,20,9,512,1048574,True,0.286397,0.286397,0.000000,20.000000,1048574
513,20,35,1540,1048574,True,0.603647,0.603647,0.000000,20.000000,1048574
514,20,123,9232,1048574,True,0.744494,0.744494,0.000000,20.000000,1048574
515,20,123,9232,1048574,True,0.748573,0.748573,0.000000,20.000000,1048574
516,20,123,9232,1048574,True,0.747920,0.747920,0.000000,20.000000,1048574
517,20,123,9232,1048574,True,0.751327,0.751327,0.000000,20.000000,1048574
518,20,123,9232,1048574,True,0.753135,0.753135,0.000000,20.000000,1048574
519,20,61,3508,1048574,True,0.676732,0.676732,0.000000,20.000000,1048574
520,20,30,520,1048574,True,0.512238,0.512238,0.000000,20.000000,1048574
521,20,123,9232,1048574,True,0.765764,0.765764,0.000000,20.000000,1048574
522,20,30,784,1048574,True,0.530412,0.530412,0.000000,20.000000,1048574
523,20,123,9232,1048574,True,0.764603,0.764603,0.000000,20.000000,1048574
524,20,30,592,1048574,True,0.537643,0.537643,0.000000,20.000000,1048574
525,20,30,1576,1048574,True,0.548490,0.548490,0.000000,20.000000,1048574
526,20,79,9232,1048574,True,0.751180,0.751180,0.000000,20.000000,1048574
527,20,79,9232,1048574,True,0.756785,0.756785,0.000000,20.000000,1048574
528,20,30,528,1048574,True,0.514926,0.514926,0.000000,20.000000,1048574
529,20,30,1588,1048574,True,0.564369,0.564369,0.000000,20.000000,1048574
530,20,123,9232,1048574,True,0.770144,0.770144,0.000000,20.000000,1048574
531,20,123,9232,1048574,True,0.773802,0.773802,0.000000,20.000000,1048574
532,20,30,532,1048574,True,0.537643,0.537643,0.000000,20.000000,1048574
533,20,30,1600,1048574,True,0.541259,0.541259,0.000000,20.000000,1048574
534,20,22,1204,1048574,True,0.563157,0.563157,0.000000,20.000000,1048574
535,20,22,3616,1048574,True,0.577015,0.577015,0.000000,20.000000,1048574
536,20,30,536,1048574,True,0.544875,0.544875,0.000000,20.000000,1048574
537,20,22,1816,1048574,True,0.562451,0.562451,0.000000,20.000000,1048574
538,20,30,808,1048574,True,0.559338,0.559338,0.000000,20.000000,1048574
539,20,48,9232,1048574,True,0.676291,0.676291,0.000000,20.000000,1048574
540,20,43,916,1048574,True,0.595842,0.595842,0.000000,20.000000,1048574
541,20,43,1624,1048574,True,0.601934,0.601934,0.000000,20.000000,1048574
542,20,43,2752,1048574,True,0.608299,0.608299,0.000000,20.000000,1048574
543,20,136,9232,1048574,True,0.762748,0.762748,0.000000,20.000000,1048574
544,20,17,544,1048574,True,0.441748,0.441748,0.000000,20.000000,1048574
545,20,43,1636,1048574,True,0.599195,0.599195,0.000000,20.000000,1048574
546,20,30,820,1048574,True,0.578832,0.578832,0.000000,20.000000,1048574
547,20,30,2464,1048574,True,0.587698,0.587698,0.000000,20.000000,1048574
548,20,92,9232,1048574,True,0.755341,0.755341,0.000000,20.000000,1048574
549,20,92,9232,1048574,True,0.760878,0.760878,0.000000,20.000000,1048574
550,20,92,9232,1048574,True,0.761423,0.761423,0.000000,20.000000,1048574
551,20,43,4192,1048574,True,0.623874,0.623874,0.000000,20.000000,1048574
552,20,17,552,1048574,True,0.488696,0.488696,0.000000,20.000000,1048574
553,20,136,9232,1048574,True,0.786001,0.786001,0.000000,20.000000,1048574
554,20,17,832,1048574,True,0.501150,0.501150,0.000000,20.000000,1048574
555,20,30,2500,1048574,True,0.589905,0.589905,0.000000,20.000000,1048574
556,20,43,628,1048574,True,0.613948,0.613948,0.000000,20.000000,1048574
557,20,43,1672,1048574,True,0.615979,0.615979,0.000000,20.000000,1048574
558,20,43,1888,1048574,True,0.627284,0.627284,0.000000,20.000000,1048574
559,20,87,8080,1048574,True,0.729911,0.729911,0.000000,20.000000,1048574
560,20,17,560,1048574,True,0.485501,0.485501,0.000000,20.000000,1048574
561,20,43,1684,1048574,True,0.634926,0.634926,0.000000,20.000000,1048574
562,20,43,952,1048574,True,0.639260,0.639260,0.000000,20.000000,1048574
563,20,43,2536,1048574,True,0.649687,0.649687,0.000000,20.000000,1048574
564,20,17,564,1048574,True,0.516636,0.516636,0.000000,20.000000,1048574
565,20,17,1696,1048574,True,0.521600,0.521600,0.000000,20.000000,1048574
566,20,61,9232,1048574,True,0.727335,0.727335,0.000000,20.000000,1048574
567,20,61,9232,1048574,True,0.735083,0.735083,0.000000,20.000000,1048574
568,20,105,9232,1048574,True,0.756929,0.756929,0.000000,20.000000,1048574
569,20,56,2752,1048574,True,0.651210,0.651210,0.000000,20.000000,1048574
570,20,105,9232,1048574,True,0.760301,0.760301,0.000000,20.000000,1048574
571,20,30,2896,1048574,True,0.599358,0.599358,0.000000,20.000000,1048574
572,20,105,9232,1048574,True,0.765058,0.765058,0.000000,20.000000,1048574
573,20,105,9232,1048574,True,0.767039,0.767039,0.000000,20.000000,1048574
574,20,43,4372,1048574,True,0.668101,0.668101,0.000000,20.000000,1048574
575,20,43,13120,1048574,True,0.682735,0.682735,0.000000,20.000000,1048574
576,20,25,576,1048574,True,0.477217,0.477217,0.000000,20.000000,1048574
577,20,30,1732,1048574,True,0.614937,0.614937,0.000000,20.000000,1048574
578,20,30,868,1048574,True,0.607192,0.607192,0.000000,20.000000,1048574
579,20,30,2608,1048574,True,0.616058,0.616058,0.000000,20.000000,1048574
580,20,118,9232,1048574,True,0.752519,0.752519,0.000000,20.000000,1048574
581,20,118,9232,1048574,True,0.756846,0.756846,0.000000,20.000000,1048574
582,20,118,9232,1048574,True,0.753887,0.753887,0.000000,20.000000,1048574
583,20,30,3940,1048574,True,0.644788,0.644788,0.000000,20.000000,1048574
584,20,118,9232,1048574,True,0.757272,0.757272,0.000000,20.000000,1048574
585,20,56,2968,1048574,True,0.675932,0.675932,0.000000,20.000000,1048574
586,20,118,9232,1048574,True,0.762541,0.762541,0.000000,20.000000,1048574
587,20,118,9232,1048574,True,0.765545,0.765545,0.000000,20.000000,1048574
588,20,118,9232,1048574,True,0.761466,0.761466,0.000000,20.000000,1048574
589,20,118,9232,1048574,True,0.764895,0.764895,0.000000,20.000000,1048574
590,20,56,2248,1048574,True,0.690437,0.690437,0.000000,20.000000,1048574
591,20,56,5992,1048574,True,0.698864,0.698864,0.000000,20.000000,1048574
592,20,25,592,1048574,True,0.515137,0.515137,0.000000,20.000000,1048574
593,20,74,9232,1048574,True,0.750747,0.750747,0.000000,20.000000,1048574
594,20,74,9232,1048574,True,0.755681,0.755681,0.000000,20.000000,1048574
595,20,74,9232,1048574,True,0.759277,0.759277,0.000000,20.000000,1048574
596,20,25,596,1048574,True,0.528070,0.528070,0.000000,20.000000,1048574
597,20,25,1792,1048574,True,0.522885,0.522885,0.000000,20.000000,1048574
598,20,118,9232,1048574,True,0.771802,0.771802,0.000000,20.000000,1048574
599,20,118,9232,1048574,True,0.778208,0.778208,0.000000,20.000000,1048574
600,20,17,600,1048574,True,0.504163,0.504163,0.000000,20.000000,1048574
601,20,56,4372,1048574,True,0.715835,0.715835,0.000000,20.000000,1048574
602,20,17,904,1048574,True,0.514090,0.514090,0.000000,20.000000,1048574
603,20,69,5812,1048574,True,0.699118,0.699118,0.000000,20.000000,1048574
604,20,17,1024,1048574,True,0.490517,0.490517,0.000000,20.000000,1048574
605,20,17,1816,1048574,True,0.494407,0.494407,0.000000,20.000000,1048574
606,20,43,3076,1048574,True,0.644045,0.644045,0.000000,20.000000,1048574
607,20,43,9232,1048574,True,0.655370,0.655370,0.000000,20.000000,1048574
608,20,25,608,1048574,True,0.523759,0.523759,0.000000,20.000000,1048574
609,20,131,9232,1048574,True,0.751762,0.751762,0.000000,20.000000,1048574
610,20,38,916,1048574,True,0.575096,0.575096,0.000000,20.000000,1048574
611,20,38,2752,1048574,True,0.578686,0.578686,0.000000,20.000000,1048574
612,20,38,612,1048574,True,0.566707,0.566707,0.000000,20.000000,1048574
613,20,38,1840,1048574,True,0.573580,0.573580,0.000000,20.000000,1048574
614,20,38,1384,1048574,True,0.577170,0.577170,0.000000,20.000000,1048574
615,20,69,10528,1048574,True,0.701194,0.701194,0.000000,20.000000,1048574
616,20,25,616,1048574,True,0.549626,0.549626,0.000000,20.000000,1048574
617,20,131,9232,1048574,True,0.774407,0.774407,0.000000,20.000000,1048574
618,20,25,928,1048574,True,0.556499,0.556499,0.000000,20.000000,1048574
619,20,131,9232,1048574,True,0.768200,0.768200,0.000000,20.000000,1048574
620,20,87,9232,1048574,True,0.759030,0.759030,0.000000,20.000000,1048574
621,20,87,9232,1048574,True,0.759825,0.759825,0.000000,20.000000,1048574
622,20,87,9232,1048574,True,0.760585,0.760585,0.000000,20.000000,1048574
623,20,131,9232,1048574,True,0.782000,0.782000,0.000000,20.000000,1048574
624,20,38,624,1048574,True,0.588649,0.588649,0.000000,20.000000,1048574
625,20,25,1876,1048574,True,0.554206,0.554206,0.000000,20.000000,1048574
626,20,131,9232,1048574,True,0.771349,0.771349,0.000000,20.000000,1048574
627,20,131,9232,1048574,True,0.770795,0.770795,0.000000,20.000000,1048574
628,20,38,628,1048574,True,0.600105,0.600105,0.000000,20.000000,1048574
629,20,38,1888,1048574,True,0.601900,0.601900,0.000000,20.000000,1048574
630,20,38,1600,1048574,True,0.601537,0.601537,0.000000,20.000000,1048574
631,20,38,4264,1048574,True,0.602810,0.602810,0.000000,20.000000,1048574
632,20,38,808,1048574,True,0.614608,0.614608,0.000000,20.000000,1048574
633,20,30,3616,1048574,True,0.651611,0.651611,0.000000,20.000000,1048574
634,20,38,952,1048574,True,0.621789,0.621789,0.000000,20.000000,1048574
635,20,30,3220,1048574,True,0.637924,0.637924,0.000000,20.000000,1048574
636,20,56,9232,1048574,True,0.705687,0.705687,0.000000,20.000000,1048574
637,20,56,9232,1048574,True,0.708464,0.708464,0.000000,20.000000,1048574
638,20,56,9232,1048574,True,0.717818,0.717818,0.000000,20.000000,1048574
639,20,131,41524,1048574,True,0.796861,0.796861,0.000000,20.000000,1048574
640,20,12,640,1048574,True,0.398765,0.398765,0.000000,20.000000,1048574
641,20,51,2752,1048574,True,0.635653,0.635653,0.000000,20.000000,1048574
642,20,25,964,1048574,True,0.539954,0.539954,0.000000,20.000000,1048574
643,20,25,2896,1048574,True,0.557399,0.557399,0.000000,20.000000,1048574
644,20,100,9232,1048574,True,0.755783,0.755783,0.000000,20.000000,1048574
645,20,100,9232,1048574,True,0.760881,0.760881,0.000000,20.000000,1048574
646,20,100,9232,1048574,True,0.761383,0.761383,0.000000,20.000000,1048574
647,20,38,4372,1048574,True,0.639857,0.639857,0.000000,20.000000,1048574
648,20,25,648,1048574,True,0.564246,0.564246,0.000000,20.000000,1048574
649,20,144,9232,1048574,True,0.784960,0.784960,0.000000,20.000000,1048574
650,20,25,976,1048574,True,0.588364,0.588364,0.000000,20.000000,1048574
651,20,100,9232,1048574,True,0.768636,0.768636,0.000000,20.000000,1048574
652,20,25,736,1048574,True,0.583440,0.583440,0.000000,20.000000,1048574
653,20,25,1960,1048574,True,0.599135,0.599135,0.000000,20.000000,1048574
654,20,144,9232,1048574,True,0.787857,0.787857,0.000000,20.000000,1048574
655,20,144,9232,1048574,True,0.793356,0.793356,0.000000,20.000000,1048574
656,20,113,9232,1048574,True,0.753476,0.753476,0.000000,20.000000,1048574
657,20,51,1972,1048574,True,0.649672,0.649672,0.000000,20.000000,1048574
658,20,51,1672,1048574,True,0.652365,0.652365,0.000000,20.000000,1048574
659,20,51,2968,1048574,True,0.657552,0.657552,0.000000,20.000000,1048574
660,20,113,9232,1048574,True,0.759959,0.759959,0.000000,20.000000,1048574
661,20,113,9232,1048574,True,0.762311,0.762311,0.000000,20.000000,1048574
662,20,25,1492,1048574,True,0.591456,0.591456,0.000000,20.000000,1048574
663,20,25,4480,1048574,True,0.584081,0.584081,0.000000,20.000000,1048574
664,20,113,9232,1048574,True,0.760404,0.760404,0.000000,20.000000,1048574
665,20,51,2248,1048574,True,0.674095,0.674095,0.000000,20.000000,1048574
666,20,113,9232,1048574,True,0.764767,0.764767,0.000000,20.000000,1048574
667,20,144,21688,1048574,True,0.808567,0.808567,0.000000,20.000000,1048574
668,20,69,9232,1048574,True,0.742437,0.742437,0.000000,20.000000,1048574
669,20,69,9232,1048574,True,0.746946,0.746946,0.000000,20.000000,1048574
670,20,69,9232,1048574,True,0.749000,0.749000,0.000000,20.000000,1048574
671,20,95,39364,1048574,True,0.796119,0.796119,0.000000,20.000000,1048574
672,20,12,672,1048574,True,0.435679,0.435679,0.000000,20.000000,1048574
673,20,64,2752,1048574,True,0.680870,0.680870,0.000000,20.000000,1048574
674,20,113,9232,1048574,True,0.772422,0.772422,0.000000,20.000000,1048574
675,20,113,9232,1048574,True,0.774787,0.774787,0.000000,20.000000,1048574
676,20,51,4372,1048574,True,0.696780,0.696780,0.000000,20.000000,1048574
677,20,51,4372,1048574,True,0.706657,0.706657,0.000000,20.000000,1048574
678,20,51,4372,1048574,True,0.705715,0.705715,0.000000,20.000000,1048574
679,20,64,5812,1048574,True,0.687259,0.687259,0.000000,20.000000,1048574
680,20,12,680,1048574,True,0.420407,0.420407,0.000000,20.000000,1048574
681,20,64,39364,1048574,True,0.724739,0.724739,0.000000,20.000000,1048574
682,20,12,1024,1048574,True,0.367148,0.367148,0.000000,20.000000,1048574
683,20,38,3076,1048574,True,0.613629,0.613629,0.000000,20.000000,1048574
684,20,126,9232,1048574,True,0.746071,0.746071,0.000000,20.000000,1048574
685,20,126,9232,1048574,True,0.741232,0.741232,0.000000,20.000000,1048574
686,20,126,9232,1048574,True,0.749571,0.749571,0.000000,20.000000,1048574
687,20,38,6964,1048574,True,0.673279,0.673279,0.000000,20.000000,1048574
688,20,33,688,1048574,True,0.545619,0.545619,0.000000,20.000000,1048574
689,20,126,9232,1048574,True,0.749571,0.749571,0.000000,20.000000,1048574
690,20,126,9232,1048574,True,0.752922,0.752922,0.000000,20.000000,1048574
691,20,126,9232,1048574,True,0.755418,0.755418,0.000000,20.000000,1048574
692,20,33,692,1048574,True,0.538624,0.538624,0.000000,20.000000,1048574
693,20,33,2080,1048574,True,0.520549,0.520549,0.000000,20.000000,1048574
694,20,126,9232,1048574,True,0.766356,0.766356,0.000000,20.000000,1048574
695,20,126,9232,1048574,True,0.769088,0.769088,0.000000,20.000000,1048574
696,20,33,696,1048574,True,0.567712,0.567712,0.000000,20.000000,1048574
697,20,126,9232,1048574,True,0.764850,0.764850,0.000000,20.000000,1048574
698,20,33,1048,1048574,True,0.559981,0.559981,0.000000,20.000000,1048574
699,20,64,3544,1048574,True,0.710382,0.710382,0.000000,20.000000,1048574
700,20,82,9232,1048574,True,0.755882,0.755882,0.000000,20.000000,1048574
701,20,82,9232,1048574,True,0.752678,0.752678,0.000000,20.000000,1048574
702,20,82,9232,1048574,True,0.761713,0.761713,0.000000,20.000000,1048574
703,20,170,250504,1048574,True,0.873381,0.873381,0.000000,20.000000,1048574
704,20,20,704,1048574,True,0.492589,0.492589,0.000000,20.000000,1048574
705,20,33,2116,1048574,True,0.571678,0.571678,0.000000,20.000000,1048574
706,20,126,9232,1048574,True,0.768123,0.768123,0.000000,20.000000,1048574
707,20,126,9232,1048574,True,0.772881,0.772881,0.000000,20.000000,1048574
708,20,33,708,1048574,True,0.553904,0.553904,0.000000,20.000000,1048574
709,20,33,2128,1048574,True,0.549938,0.549938,0.000000,20.000000,1048574
710,20,33,1600,1048574,True,0.562456,0.562456,0.000000,20.000000,1048574
711,20,64,4804,1048574,True,0.715258,0.715258,0.000000,20.000000,1048574
712,20,33,712,1048574,True,0.563794,0.563794,0.000000,20.000000,1048574
713,20,25,3616,1048574,True,0.604045,0.604045,0.000000,20.000000,1048574
714,20,33,1072,1048574,True,0.562456,0.562456,0.000000,20.000000,1048574
715,20,25,3220,1048574,True,0.585033,0.585033,0.000000,20.000000,1048574
716,20,33,808,1048574,True,0.581568,0.581568,0.000000,20.000000,1048574
717,20,33,2152,1048574,True,0.578371,0.578371,0.000000,20.000000,1048574
718,20,51,9232,1048574,True,0.686772,0.686772,0.000000,20.000000,1048574
719,20,51,9232,1048574,True,0.695606,0.695606,0.000000,20.000000,1048574
720,20,20,720,1048574,True,0.505862,0.505862,0.000000,20.000000,1048574
721,20,46,2164,1048574,True,0.615297,0.615297,0.000000,20.000000,1048574
722,20,46,2752,1048574,True,0.621255,0.621255,0.000000,20.000000,1048574
723,20,46,3256,1048574,True,0.628704,0.628704,0.000000,20.000000,1048574
724,20,20,724,1048574,True,0.494538,0.494538,0.000000,20.000000,1048574
725,20,20,2176,1048574,True,0.465274,0.465274,0.000000,20.000000,1048574
726,20,46,1636,1048574,True,0.611426,0.611426,0.000000,20.000000,1048574
727,20,46,4912,1048574,True,0.618808,0.618808,0.000000,20.000000,1048574
728,20,95,9232,1048574,True,0.759187,0.759187,0.000000,20.000000,1048574
729,20,33,2464,1048574,True,0.604229,0.604229,0.000000,20.000000,1048574
730,20,95,9232,1048574,True,0.756449,0.756449,0.000000,20.000000,1048574
731,20,139,9232,1048574,True,0.781150,0.781150,0.000000,20.000000,1048574
732,20,95,9232,1048574,True,0.765169,0.765169,0.000000,20.000000,1048574
733,20,95,9232,1048574,True,0.762399,0.762399,0.000000,20.000000,1048574
734,20,46,4192,1048574,True,0.641061,0.641061,0.000000,20.000000,1048574
735,20,46,11176,1048574,True,0.652009,0.652009,0.000000,20.000000,1048574
736,20,20,736,1048574,True,0.535289,0.535289,0.000000,20.000000,1048574
737,20,139,9232,1048574,True,0.785266,0.785266,0.000000,20.000000,1048574
738,20,20,1108,1048574,True,0.541200,0.541200,0.000000,20.000000,1048574
739,20,20,3328,1048574,True,0.538113,0.538113,0.000000,20.000000,1048574
740,20,46,740,1048574,True,0.626544,0.626544,0.000000,20.000000,1048574
741,20,46,2224,1048574,True,0.624231,0.624231,0.000000,20.000000,1048574
742,20,46,1672,1048574,True,0.631424,0.631424,0.000000,20.000000,1048574
743,20,95,14308,1048574,True,0.790887,0.790887,0.000000,20.000000,1048574
744,20,20,744,1048574,True,0.541633,0.541633,0.000000,20.000000,1048574
745,20,90,8080,1048574,True,0.734901,0.734901,0.000000,20.000000,1048574
746,20,20,1120,1048574,True,0.529116,0.529116,0.000000,20.000000,1048574
747,20,46,4264,1048574,True,0.642330,0.642330,0.000000,20.000000,1048574
748,20,46,952,1048574,True,0.654709,0.654709,0.000000,20.000000,1048574
749,20,46,2248,1048574,True,0.649051,0.649051,0.000000,20.000000,1048574
750,20,46,2536,1048574,True,0.665226,0.665226,0.000000,20.000000,1048574
751,20,139,21688,1048574,True,0.803935,0.803935,0.000000,20.000000,1048574
752,20,108,9232,1048574,True,0.760064,0.760064,0.000000,20.000000,1048574
753,20,20,2260,1048574,True,0.566317,0.566317,0.000000,20.000000,1048574
754,20,64,9232,1048574,True,0.733364,0.733364,0.000000,20.000000,1048574
755,20,64,9232,1048574,True,0.735253,0.735253,0.000000,20.000000,1048574
756,20,108,9232,1048574,True,0.760352,0.760352,0.000000,20.000000,1048574
757,20,108,9232,1048574,True,0.757912,0.757912,0.000000,20.000000,1048574
758,20,59,2752,1048574,True,0.663306,0.663306,0.000000,20.000000,1048574
759,20,59,5128,1048574,True,0.658086,0.658086,0.000000,20.000000,1048574
760,20,108,9232,1048574,True,0.768899,0.768899,0.000000,20.000000,1048574
761,20,33,2896,1048574,True,0.625786,0.625786,0.000000,20.000000,1048574
762,20,108,9232,1048574,True,0.768583,0.768583,0.000000,20.000000,1048574
763,20,152,9232,1048574,True,0.768107,0.768107,0.000000,20.000000,1048574
764,20,46,4372,1048574,True,0.685077,0.685077,0.000000,20.000000,1048574
765,20,46,4372,1048574,True,0.683616,0.683616,0.000000,20.000000,1048574
766,20,46,13120,1048574,True,0.700347,0.700347,0.000000,20.000000,1048574
767,20,59,39364,1048574,True,0.705427,0.705427,0.000000,20.000000,1048574
768,20,15,768,1048574,True,0.411934,0.411934,0.000000,20.000000,1048574
769,20,33,2308,1048574,True,0.614488,0.614488,0.000000,20.000000,1048574
770,20,33,1156,1048574,True,0.607425,0.607425,0.000000,20.000000,1048574
771,20,33,3472,1048574,True,0.629165,0.629165,0.000000,20.000000,1048574
772,20,121,9232,1048574,True,0.749010,0.749010,0.000000,20.000000,1048574
773,20,121,9232,1048574,True,0.749929,0.749929,0.000000,20.000000,1048574
774,20,121,9232,1048574,True,0.755988,0.755988,0.000000,20.000000,1048574
775,20,152,9232,1048574,True,0.792975,0.792975,0.000000,20.000000,1048574
776,20,121,9232,1048574,True,0.753647,0.753647,0.000000,20.000000,1048574
777,20,33,3940,1048574,True,0.656851,0.656851,0.000000,20.000000,1048574
778,20,121,9232,1048574,True,0.755484,0.755484,0.000000,20.000000,1048574
779,20,59,3508,1048574,True,0.673736,0.673736,0.000000,20.000000,1048574
780,20,121,9232,1048574,True,0.761543,0.761543,0.000000,20.000000,1048574
781,20,121,9232,1048574,True,0.762275,0.762275,0.000000,20.000000,1048574
782,20,121,9232,1048574,True,0.766669,0.766669,0.000000,20.000000,1048574
783,20,121,9232,1048574,True,0.770404,0.770404,0.000000,20.000000,1048574
784,20,28,784,1048574,True,0.524934,0.524934,0.000000,20.000000,1048574
785,20,121,9232,1048574,True,0.765303,0.765303,0.000000,20.000000,1048574
786,20,59,2248,1048574,True,0.693501,0.693501,0.000000,20.000000,1048574
787,20,59,3544,1048574,True,0.702906,0.702906,0.000000,20.000000,1048574
788,20,28,788,1048574,True,0.536529,0.536529,0.000000,20.000000,1048574
789,20,28,2368,1048574,True,0.531880,0.531880,0.000000,20.000000,1048574
790,20,77,9232,1048574,True,0.751930,0.751930,0.000000,20.000000,1048574
791,20,77,9232,1048574,True,0.754490,0.754490,0.000000,20.000000,1048574
792,20,28,792,1048574,True,0.548125,0.548125,0.000000,20.000000,1048574
793,20,77,9232,1048574,True,0.761277,0.761277,0.000000,20.000000,1048574
794,20,28,1192,1048574,True,0.554287,0.554287,0.000000,20.000000,1048574
795,20,103,39364,1048574,True,0.809251,0.809251,0.000000,20.000000,1048574
796,20,121,9232,1048574,True,0.772772,0.772772,0.000000,20.000000,1048574
797,20,121,9232,1048574,True,0.773346,0.773346,0.000000,20.000000,1048574
798,20,121,9232,1048574,True,0.780743,0.780743,0.000000,20.000000,1048574
799,20,72,12148,1048574,True,0.705813,0.705813,0.000000,20.000000,1048574
800,20,28,800,1048574,True,0.532664,0.532664,0.000000,20.000000,1048574
801,20,59,4372,1048574,True,0.719118,0.719118,0.000000,20.000000,1048574
802,20,20,1204,1048574,True,0.548036,0.548036,0.000000,20.000000,1048574
803,20,20,3616,1048574,True,0.554704,0.554704,0.000000,20.000000,1048574
804,20,20,1024,1048574,True,0.523576,0.523576,0.000000,20.000000,1048574
805,20,20,2416,1048574,True,0.536340,0.536340,0.000000,20.000000,1048574
806,20,20,1816,1048574,True,0.543008,0.543008,0.000000,20.000000,1048574
807,20,72,39364,1048574,True,0.746025,0.746025,0.000000,20.000000,1048574
808,20,28,808,1048574,True,0.548125,0.548125,0.000000,20.000000,1048574
809,20,46,9232,1048574,True,0.670547,0.670547,0.000000,20.000000,1048574
810,20,28,1216,1048574,True,0.546556,0.546556,0.000000,20.000000,1048574
811,20,134,9232,1048574,True,0.745615,0.745615,0.000000,20.000000,1048574
812,20,41,916,1048574,True,0.591966,0.591966,0.000000,20.000000,1048574
813,20,41,2440,1048574,True,0.589378,0.589378,0.000000,20.000000,1048574
814,20,41,2752,1048574,True,0.598634,0.598634,0.000000,20.000000,1048574
815,20,134,9232,1048574,True,0.760601,0.760601,0.000000,20.000000,1048574
816,20,28,816,1048574,True,0.567450,0.567450,0.000000,20.000000,1048574
817,20,41,2452,1048574,True,0.590558,0.590558,0.000000,20.000000,1048574
818,20,41,1384,1048574,True,0.593892,0.593892,0.000000,20.000000,1048574
819,20,41,3688,1048574,True,0.602227,0.602227,0.000000,20.000000,1048574
820,20,28,820,1048574,True,0.576693,0.576693,0.000000,20.000000,1048574
821,20,28,2464,1048574,True,0.572945,0.572945,0.000000,20.000000,1048574
822,20,134,9232,1048574,True,0.776264,0.776264,0.000000,20.000000,1048574
823,20,134,9232,1048574,True,0.778629,0.778629,0.000000,20.000000,1048574
824,20,90,9232,1048574,True,0.760752,0.760752,0.000000,20.000000,1048574
825,20,134,9232,1048574,True,0.770713,0.770713,0.000000,20.000000,1048574
826,20,90,9232,1048574,True,0.762291,0.762291,0.000000,20.000000,1048574
827,20,41,4192,1048574,True,0.612027,0.612027,0.000000,20.000000,1048574
828,20,90,9232,1048574,True,0.764565,0.764565,0.000000,20.000000,1048574
829,20,90,9232,1048574,True,0.765145,0.765145,0.000000,20.000000,1048574
830,20,134,9232,1048574,True,0.785379,0.785379,0.000000,20.000000,1048574
831,20,134,18952,1048574,True,0.786135,0.786135,0.000000,20.000000,1048574
832,20,15,832,1048574,True,0.473553,0.473553,0.000000,20.000000,1048574
833,20,28,2500,1048574,True,0.577719,0.577719,0.000000,20.000000,1048574
834,20,134,9232,1048574,True,0.770912,0.770912,0.000000,20.000000,1048574
835,20,134,9232,1048574,True,0.774311,0.774311,0.000000,20.000000,1048574
836,20,41,836,1048574,True,0.608806,0.608806,0.000000,20.000000,1048574
837,20,41,2512,1048574,True,0.615188,0.615188,0.000000,20.000000,1048574
838,20,41,1888,1048574,True,0.618522,0.618522,0.000000,20.000000,1048574
839,20,85,8080,1048574,True,0.726390,0.726390,0.000000,20.000000,1048574
840,20,41,840,1048574,True,0.620146,0.620146,0.000000,20.000000,1048574
841,20,41,4264,1048574,True,0.623548,0.623548,0.000000,20.000000,1048574
842,20,41,1264,1048574,True,0.628656,0.628656,0.000000,20.000000,1048574
843,20,41,3796,1048574,True,0.620450,0.620450,0.000000,20.000000,1048574
844,20,41,952,1048574,True,0.635324,0.635324,0.000000,20.000000,1048574
845,20,41,2536,1048574,True,0.640325,0.640325,0.000000,20.000000,1048574
846,20,33,3220,1048574,True,0.660950,0.660950,0.000000,20.000000,1048574
847,20,33,8584,1048574,True,0.660571,0.660571,0.000000,20.000000,1048574
848,20,15,848,1048574,True,0.490975,0.490975,0.000000,20.000000,1048574
849,20,59,9232,1048574,True,0.717698,0.717698,0.000000,20.000000,1048574
850,20,59,9232,1048574,True,0.724537,0.724537,0.000000,20.000000,1048574
851,20,59,9232,1048574,True,0.730209,0.730209,0.000000,20.000000,1048574
852,20,15,852,1048574,True,0.476111,0.476111,0.000000,20.000000,1048574
853,20,15,2560,1048574,True,0.437702,0.437702,0.000000,20.000000,1048574
854,20,54,2752,1048574,True,0.644116,0.644116,0.000000,20.000000,1048574
855,20,54,5776,1048574,True,0.650424,0.650424,0.000000,20.000000,1048574
856,20,103,9232,1048574,True,0.759320,0.759320,0.000000,20.000000,1048574
857,20,28,2896,1048574,True,0.579914,0.579914,0.000000,20.000000,1048574
858,20,103,9232,1048574,True,0.756793,0.756793,0.000000,20.000000,1048574
859,20,147,9232,1048574,True,0.762964,0.762964,0.000000,20.000000,1048574
860,20,103,9232,1048574,True,0.764842,0.764842,0.000000,20.000000,1048574
861,20,103,9232,1048574,True,0.762285,0.762285,0.000000,20.000000,1048574
862,20,41,4372,1048574,True,0.657949,0.657949,0.000000,20.000000,1048574
863,20,41,13120,1048574,True,0.669889,0.669889,0.000000,20.000000,1048574
864,20,116,9232,1048574,True,0.755541,0.755541,0.000000,20.000000,1048574
865,20,147,9232,1048574,True,0.784286,0.784286,0.000000,20.000000,1048574
866,20,28,1300,1048574,True,0.608343,0.608343,0.000000,20.000000,1048574
867,20,28,3904,1048574,True,0.620000,0.620000,0.000000,20.000000,1048574
868,20,28,868,1048574,True,0.607009,0.607009,0.000000,20.000000,1048574
869,20,28,2608,1048574,True,0.603261,0.603261,0.000000,20.000000,1048574
870,20,28,1960,1048574,True,0.625909,0.625909,0.000000,20.000000,1048574
871,20,178,190996,1048574,True,0.828241,0.828241,0.000000,20.000000,1048574
872,20,116,9232,1048574,True,0.756679,0.756679,0.000000,20.000000,1048574
873,20,147,9232,1048574,True,0.795139,0.795139,0.000000,20.000000,1048574
874,20,116,9232,1048574,True,0.754433,0.754433,0.000000,20.000000,1048574
875,20,28,3940,1048574,True,0.629072,0.629072,0.000000,20.000000,1048574
876,20,54,1672,1048574,True,0.664852,0.664852,0.000000,20.000000,1048574
877,20,54,2632,1048574,True,0.660017,0.660017,0.000000,20.000000,1048574
878,20,54,2968,1048574,True,0.670402,0.670402,0.000000,20.000000,1048574
879,20,147,10024,1048574,True,0.787006,0.787006,0.000000,20.000000,1048574
880,20,116,9232,1048574,True,0.763236,0.763236,0.000000,20.000000,1048574
881,20,116,9232,1048574,True,0.764165,0.764165,0.000000,20.000000,1048574
882,20,28,1492,1048574,True,0.619025,0.619025,0.000000,20.000000,1048574
883,20,28,3976,1048574,True,0.628088,0.628088,0.000000,20.000000,1048574
884,20,116,9232,1048574,True,0.763503,0.763503,0.000000,20.000000,1048574
885,20,116,9232,1048574,True,0.761230,0.761230,0.000000,20.000000,1048574
886,20,54,2248,1048574,True,0.686043,0.686043,0.000000,20.000000,1048574
887,20,54,5992,1048574,True,0.690600,0.690600,0.000000,20.000000,1048574
888,20,72,9232,1048574,True,0.749103,0.749103,0.000000,20.000000,1048574
889,20,147,21688,1048574,True,0.810398,0.810398,0.000000,20.000000,1048574
890,20,72,9232,1048574,True,0.748631,0.748631,0.000000,20.000000,1048574
891,20,46,8584,1048574,True,0.727029,0.727029,0.000000,20.000000,1048574
892,20,72,9232,1048574,True,0.756605,0.756605,0.000000,20.000000,1048574
893,20,72,9232,1048574,True,0.755665,0.755665,0.000000,20.000000,1048574
894,20,98,39364,1048574,True,0.801045,0.801045,0.000000,20.000000,1048574
895,20,98,39364,1048574,True,0.804775,0.804775,0.000000,20.000000,1048574
896,20,23,896,1048574,True,0.507245,0.507245,0.000000,20.000000,1048574
897,20,67,2752,1048574,True,0.682682,0.682682,0.000000,20.000000,1048574
898,20,116,9232,1048574,True,0.771127,0.771127,0.000000,20.000000,1048574
899,20,116,9232,1048574,True,0.777044,0.777044,0.000000,20.000000,1048574
900,20,54,4372,1048574,True,0.698152,0.698152,0.000000,20.000000,1048574
901,20,54,4372,1048574,True,0.699776,0.699776,0.000000,20.000000,1048574
902,20,54,4372,1048574,True,0.712364,0.712364,0.000000,20.000000,1048574
903,20,116,9232,1048574,True,0.778022,0.778022,0.000000,20.000000,1048574
904,20,15,904,1048574,True,0.476942,0.476942,0.000000,20.000000,1048574
905,20,67,5812,1048574,True,0.694789,0.694789,0.000000,20.000000,1048574
906,20,15,1360,1048574,True,0.488111,0.488111,0.000000,20.000000,1048574
907,20,54,13120,1048574,True,0.733462,0.733462,0.000000,20.000000,1048574
908,20,15,1024,1048574,True,0.450422,0.450422,0.000000,20.000000,1048574
909,20,15,2728,1048574,True,0.454798,0.454798,0.000000,20.000000,1048574
910,20,41,3076,1048574,True,0.632748,0.632748,0.000000,20.000000,1048574
911,20,41,9232,1048574,True,0.642099,0.642099,0.000000,20.000000,1048574
912,20,36,912,1048574,True,0.559914,0.559914,0.000000,20.000000,1048574
913,20,129,9232,1048574,True,0.743926,0.743926,0.000000,20.000000,1048574
914,20,129,9232,1048574,True,0.751534,0.751534,0.000000,20.000000,1048574
915,20,129,9232,1048574,True,0.749247,0.749247,0.000000,20.000000,1048574
916,20,36,916,1048574,True,0.567159,0.567159,0.000000,20.000000,1048574
917,20,36,2752,1048574,True,0.564221,0.564221,0.000000,20.000000,1048574
918,20,129,9232,1048574,True,0.752072,0.752072,0.000000,20.000000,1048574
919,20,129,9232,1048574,True,0.753192,0.753192,0.000000,20.000000,1048574
920,20,36,920,1048574,True,0.560731,0.560731,0.000000,20.000000,1048574
921,20,129,9232,1048574,True,0.758323,0.758323,0.000000,20.000000,1048574
922,20,36,1384,1048574,True,0.564516,0.564516,0.000000,20.000000,1048574
923,20,67,10528,1048574,True,0.695121,0.695121,0.000000,20.000000,1048574
924,20,129,9232,1048574,True,0.769008,0.769008,0.000000,20.000000,1048574
925,20,129,9232,1048574,True,0.769414,0.769414,0.000000,20.000000,1048574
926,20,129,9232,1048574,True,0.772895,0.772895,0.000000,20.000000,1048574
927,20,116,15856,1048574,True,0.820128,0.820128,0.000000,20.000000,1048574
928,20,23,928,1048574,True,0.535267,0.535267,0.000000,20.000000,1048574
929,20,129,9232,1048574,True,0.766999,0.766999,0.000000,20.000000,1048574
930,20,36,1396,1048574,True,0.582249,0.582249,0.000000,20.000000,1048574
931,20,36,4192,1048574,True,0.574213,0.574213,0.000000,20.000000,1048574
932,20,85,9232,1048574,True,0.757815,0.757815,0.000000,20.000000,1048574
933,20,85,9232,1048574,True,0.760257,0.760257,0.000000,20.000000,1048574
934,20,85,9232,1048574,True,0.757778,0.757778,0.000000,20.000000,1048574
935,20,129,9232,1048574,True,0.779660,0.779660,0.000000,20.000000,1048574
936,20,23,936,1048574,True,0.540818,0.540818,0.000000,20.000000,1048574
937,20,173,250504,1048574,True,0.874548,0.874548,0.000000,20.000000,1048574
938,20,23,1408,1048574,True,0.529866,0.529866,0.000000,20.000000,1048574
939,20,85,9232,1048574,True,0.758251,0.758251,0.000000,20.000000,1048574
940,20,129,9232,1048574,True,0.770734,0.770734,0.000000,20.000000,1048574
941,20,129,9232,1048574,True,0.768689,0.768689,0.000000,20.000000,1048574
942,20,129,9232,1048574,True,0.775656,0.775656,0.000000,20.000000,1048574
943,20,36,9556,1048574,True,0.615296,0.615296,0.000000,20.000000,1048574
944,20,36,944,1048574,True,0.588690,0.588690,0.000000,20.000000,1048574
945,20,36,2836,1048574,True,0.573020,0.573020,0.000000,20.000000,1048574
946,20,36,1600,1048574,True,0.586415,0.586415,0.000000,20.000000,1048574
947,20,36,4264,1048574,True,0.584904,0.584904,0.000000,20.000000,1048574
948,20,36,948,1048574,True,0.589537,0.589537,0.000000,20.000000,1048574
949,20,36,2848,1048574,True,0.582349,0.582349,0.000000,20.000000,1048574
950,20,28,3616,1048574,True,0.633951,0.633951,0.000000,20.000000,1048574
951,20,28,6424,1048574,True,0.640646,0.640646,0.000000,20.000000,1048574
952,20,36,952,1048574,True,0.607762,0.607762,0.000000,20.000000,1048574
953,20,28,3220,1048574,True,0.617500,0.617500,0.000000,20.000000,1048574
954,20,36,1432,1048574,True,0.606830,0.606830,0.000000,20.000000,1048574
955,20,28,4840,1048574,True,0.637005,0.637005,0.000000,20.000000,1048574
956,20,54,9232,1048574,True,0.700261,0.700261,0.000000,20.000000,1048574
957,20,54,9232,1048574,True,0.699012,0.699012,0.000000,20.000000,1048574
958,20,54,9232,1048574,True,0.709954,0.709954,0.000000,20.000000,1048574
959,20,129,41524,1048574,True,0.794014,0.794014,0.000000,20.000000,1048574
960,20,23,960,1048574,True,0.558619,0.558619,0.000000,20.000000,1048574
961,20,49,2884,1048574,True,0.627056,0.627056,0.000000,20.000000,1048574
962,20,49,2752,1048574,True,0.632657,0.632657,0.000000,20.000000,1048574
963,20,49,4336,1048574,True,0.636857,0.636857,0.000000,20.000000,1048574
964,20,23,964,1048574,True,0.534130,0.534130,0.000000,20.000000,1048574
965,20,23,2896,1048574,True,0.537048,0.537048,0.000000,20.000000,1048574
966,20,23,2176,1048574,True,0.517276,0.517276,0.000000,20.000000,1048574
967,20,142,9232,1048574,True,0.759948,0.759948,0.000000,20.000000,1048574
968,20,98,9232,1048574,True,0.760766,0.760766,0.000000,20.000000,1048574
969,20,49,4912,1048574,True,0.636668,0.636668,0.000000,20.000000,1048574
970,20,98,9232,1048574,True,0.762180,0.762180,0.000000,20.000000,1048574
971,20,36,4372,1048574,True,0.627273,0.627273,0.000000,20.000000,1048574
972,20,98,9232,1048574,True,0.760232,0.760232,0.000000,20.000000,1048574
973,20,98,9232,1048574,True,0.760765,0.760765,0.000000,20.000000,1048574
974,20,142,9232,1048574,True,0.784358,0.784358,0.000000,20.000000,1048574
975,20,142,9880,1048574,True,0.786159,0.786159,0.000000,20.000000,1048574
976,20,23,976,1048574,True,0.577233,0.577233,0.000000,20.000000,1048574
977,20,98,9232,1048574,True,0.767068,0.767068,0.000000,20.000000,1048574
978,20,49,4192,1048574,True,0.656531,0.656531,0.000000,20.000000,1048574
979,20,49,4408,1048574,True,0.655205,0.655205,0.000000,20.000000,1048574
980,20,23,980,1048574,True,0.578539,0.578539,0.000000,20.000000,1048574
981,20,23,2944,1048574,True,0.567458,0.567458,0.000000,20.000000,1048574
982,20,142,9232,1048574,True,0.787529,0.787529,0.000000,20.000000,1048574
983,20,142,9232,1048574,True,0.791500,0.791500,0.000000,20.000000,1048574
984,20,49,984,1048574,True,0.643229,0.643229,0.000000,20.000000,1048574
985,20,23,3328,1048574,True,0.583209,0.583209,0.000000,20.000000,1048574
986,20,49,1480,1048574,True,0.642539,0.642539,0.000000,20.000000,1048574
987,20,36,7504,1048574,True,0.651978,0.651978,0.000000,20.000000,1048574
988,20,49,1672,1048574,True,0.649583,0.649583,0.000000,20.000000,1048574
989,20,49,2968,1048574,True,0.648209,0.648209,0.000000,20.000000,1048574
990,20,98,14308,1048574,True,0.795971,0.795971,0.000000,20.000000,1048574
991,20,98,15064,1048574,True,0.800535,0.800535,0.000000,20.000000,1048574
992,20,111,9232,1048574,True,0.761436,0.761436,0.000000,20.000000,1048574
993,20,93,8080,1048574,True,0.739573,0.739573,0.000000,20.000000,1048574
994,20,23,1492,1048574,True,0.573138,0.573138,0.000000,20.000000,1048574
995,20,23,4480,1048574,True,0.557114,0.557114,0.000000,20.000000,1048574
996,20,49,996,1048574,True,0.668304,0.668304,0.000000,20.000000,1048574
997,20,49,2992,1048574,True,0.669360,0.669360,0.000000,20.000000,1048574
998,20,49,2248,1048574,True,0.666152,0.666152,0.000000,20.000000,1048574
999,20,49,11392,1048574,True,0.664087,0.664087,0.000000,20.000000,1048574
1000,20,111,9232,1048574,True,0.763937,0.763937,0.000000,20.000000,1048574
